date,id,n1,n2,n3,n4,n5,n6
2016-07-20,1,2,17,33,37,38,45
2016-07-22,2,3,4,14,20,25,35
2016-07-24,3,1,10,16,18,23,38
2016-07-27,4,14,17,21,25,31,37
2016-07-29,5,3,8,13,20,30,36
2016-07-31,6,2,6,19,21,35,39
2016-08-03,7,7,10,25,27,29,40
2016-08-05,8,3,9,13,18,24,31
2016-08-07,9,3,5,17,22,30,31
2016-08-10,10,6,15,16,19,27,30
2016-08-12,11,28,31,34,37,38,41
2016-08-14,12,13,16,17,29,31,37
2016-08-17,13,2,4,9,19,21,26
2016-08-19,14,11,12,17,33,34,36
2016-08-21,15,13,21,24,25,29,44
2016-08-24,16,8,17,21,23,36,40
2016-08-26,17,10,36,39,43,44,45
2016-08-28,18,4,6,10,15,16,44
2016-08-31,19,8,20,21,31,34,39
2016-09-02,20,9,13,24,35,36,41
2016-09-04,21,11,15,20,24,27,45
2016-09-07,22,6,8,12,13,15,19
2016-09-09,23,7,13,16,18,31,32
2016-09-11,24,6,9,10,18,20,31
2016-09-14,25,2,11,14,23,25,32
2016-09-16,26,4,5,6,23,31,34
2016-09-18,27,7,10,17,20,25,32
2016-09-21,28,5,12,15,30,37,41
2016-09-23,29,8,14,19,29,30,40
2016-09-25,30,1,20,28,32,42,44
2016-09-28,31,3,6,17,21,32,40
2016-09-30,32,6,20,30,38,40,45
2016-10-02,33,16,23,27,34,35,38
2016-10-05,34,5,6,19,31,42,44
2016-10-07,35,24,25,27,34,44,45
2016-10-09,36,2,15,20,32,33,44
2016-10-12,37,2,8,15,16,19,25
2016-10-14,38,3,7,9,18,28,39
2016-10-16,39,5,21,31,33,38,42
2016-10-19,40,2,13,15,17,18,41
2016-10-21,41,16,17,30,32,34,38
2016-10-23,42,2,5,12,21,22,40
2016-10-26,43,1,8,16,18,21,28
2016-10-28,44,10,11,13,14,16,38
2016-10-30,45,7,12,25,28,40,44
2016-11-02,46,3,5,8,10,13,22
2016-11-04,47,5,13,22,24,28,32
2016-11-06,48,4,15,16,20,26,41
2016-11-09,49,2,10,14,24,25,30
2016-11-11,50,10,17,22,23,30,36
2016-11-13,51,11,23,25,34,36,45
2016-11-16,52,1,9,17,28,43,44
2016-11-18,53,11,12,16,24,26,31
2016-11-20,54,9,23,33,38,41,42
2016-11-23,55,2,22,23,24,28,37
2016-11-25,56,3,4,25,31,37,40
2016-11-27,57,12,16,17,18,22,30
2016-11-30,58,6,15,17,20,23,41
2016-12-02,59,17,26,33,34,37,42
2016-12-04,60,3,5,13,27,38,44
2016-12-07,61,13,23,27,28,32,45
2016-12-09,62,11,12,15,17,21,26
2016-12-11,63,2,3,4,5,22,24
2016-12-14,64,5,6,12,16,26,30
2016-12-16,65,5,8,33,34,39,44
2016-12-18,66,3,7,30,32,41,43
2016-12-21,67,3,6,12,14,18,40
2016-12-23,68,1,17,24,25,37,43
2016-12-25,69,5,12,20,29,34,36
2016-12-28,70,2,22,25,33,38,43
2016-12-30,71,7,23,27,29,35,37
2017-01-01,72,9,18,24,33,36,39
2017-01-04,73,4,19,25,27,29,31
2017-01-06,74,22,30,34,36,43,45
2017-01-08,75,12,18,29,32,39,45
2017-01-11,76,2,8,21,29,37,45
2017-01-13,77,12,24,29,32,37,39
2017-01-15,78,5,25,27,29,31,43
2017-01-18,79,11,22,26,28,35,43
2017-01-20,80,1,11,31,32,34,37
2017-01-22,81,1,20,21,22,26,29
2017-01-25,82,6,9,14,18,28,30
2017-01-29,83,5,13,21,27,29,45
2017-02-01,84,2,10,11,18,22,33
2017-02-03,85,8,17,31,32,33,39
2017-02-05,86,1,11,26,29,34,40
2017-02-08,87,15,26,29,32,34,38
2017-02-10,88,2,6,10,13,20,28
2017-02-12,89,4,6,12,21,23,28
2017-02-15,90,4,16,19,27,29,30
2017-02-17,91,12,15,25,27,37,41
2017-02-19,92,1,17,24,25,33,35
2017-02-22,93,1,3,8,18,28,42
2017-02-24,94,2,4,19,23,44,45
2017-02-26,95,7,11,16,19,38,39
2017-03-01,96,3,4,26,30,35,44
2017-03-03,97,2,4,13,22,23,41
2017-03-05,98,18,21,24,26,39,45
2017-03-08,99,5,11,14,20,32,42
2017-03-10,100,4,9,21,27,38,44
2017-03-12,101,6,11,30,32,35,42
2017-03-15,102,3,9,10,31,32,40
2017-03-17,103,7,12,24,43,44,45
2017-03-19,104,1,2,6,12,31,36
2017-03-22,105,1,9,24,28,33,36
2017-03-24,106,10,14,30,32,37,42
2017-03-26,107,6,12,23,25,29,43
2017-03-29,108,4,5,24,26,28,37
2017-03-31,109,1,4,5,11,20,30
2017-04-02,110,3,5,7,12,27,33
2017-04-05,111,13,14,20,21,23,33
2017-04-07,112,4,5,16,17,32,40
2017-04-09,113,5,8,21,25,26,37
2017-04-12,114,2,3,8,13,19,41
2017-04-14,115,4,5,10,33,36,38
2017-04-16,116,6,7,18,29,32,44
2017-04-19,117,19,20,32,33,38,44
2017-04-21,118,7,8,15,30,32,39
2017-04-23,119,13,17,22,30,31,43
2017-04-26,120,14,16,17,20,35,39
2017-04-28,121,2,9,11,12,15,23
2017-04-30,122,2,6,8,11,12,25
2017-05-03,123,3,19,20,21,25,45
2017-05-05,124,4,9,12,32,36,43
2017-05-07,125,1,7,28,32,44,45
2017-05-10,126,7,17,21,29,40,44
2017-05-12,127,1,27,35,42,43,45
2017-05-14,128,13,15,17,21,25,40
2017-05-17,129,7,8,11,18,23,42
2017-05-19,130,1,8,18,28,30,33
2017-05-21,131,11,14,17,22,27,42
2017-05-24,132,8,20,25,27,30,33
2017-05-26,133,6,8,25,39,40,45
2017-05-28,134,2,7,17,24,31,44
2017-05-31,135,7,13,16,30,37,44
2017-06-02,136,5,13,16,32,39,41
2017-06-04,137,1,9,23,32,34,35
2017-06-07,138,5,6,13,29,35,44
2017-06-09,139,7,15,19,24,32,42
2017-06-11,140,5,6,11,14,32,33
2017-06-14,141,5,8,15,25,31,35
2017-06-16,142,6,10,17,21,27,38
2017-06-18,143,2,8,12,14,16,26
2017-06-21,144,9,26,29,30,35,37
2017-06-23,145,9,10,21,37,40,42
2017-06-25,146,3,14,33,38,42,44
2017-06-28,147,2,6,21,28,39,40
2017-06-30,148,1,7,10,38,40,42
2017-07-02,149,1,5,7,16,19,44
2017-07-05,150,1,4,16,31,37,40
2017-07-07,151,4,19,22,30,34,35
2017-07-09,152,1,9,14,18,25,28
2017-07-12,153,5,9,14,15,26,42
2017-07-14,154,2,13,19,24,25,33
2017-07-16,155,2,10,27,29,37,39
2017-07-19,156,4,7,13,20,35,44
2017-07-21,157,5,6,9,15,19,32
2017-07-23,158,7,9,13,21,28,39
2017-07-26,159,9,26,27,30,40,44
2017-07-28,160,1,4,9,26,35,39
2017-07-30,161,8,17,24,35,41,44
2017-08-02,162,7,10,17,26,28,43
2017-08-04,163,3,12,13,23,26,37
2017-08-06,164,2,9,10,11,21,43
2017-08-09,165,11,19,22,24,25,31
2017-08-11,166,1,12,19,35,36,41
2017-08-13,167,1,3,6,7,16,18
2017-08-16,168,6,11,15,19,22,41
2017-08-18,169,3,4,18,22,34,37
2017-08-20,170,5,15,18,21,37,45
2017-08-23,171,6,25,27,34,42,43
2017-08-25,172,2,7,12,27,40,44
2017-08-27,173,3,7,16,32,36,39
2017-08-30,174,5,8,11,28,35,41
2017-09-01,175,9,10,13,19,23,41
2017-09-03,176,5,6,26,28,35,43
2017-09-06,177,5,20,24,32,36,42
2017-09-08,178,2,15,17,32,41,44
2017-09-10,179,1,22,23,35,36,42
2017-09-13,180,3,8,19,35,38,40
2017-09-15,181,3,24,35,37,40,43
2017-09-17,182,6,11,15,16,37,40
2017-09-20,183,5,7,13,17,23,33
2017-09-22,184,5,16,21,31,37,41
2017-09-24,185,4,10,11,31,36,39
2017-09-27,186,10,19,33,34,35,45
2017-09-29,187,23,28,30,35,37,42
2017-10-01,188,8,23,27,36,37,43
2017-10-04,189,4,5,9,19,37,44
2017-10-06,190,4,6,18,20,30,45
2017-10-08,191,8,16,24,27,35,39
2017-10-11,192,4,11,14,15,19,26
2017-10-13,193,10,13,20,21,25,36
2017-10-15,194,2,9,14,21,35,40
2017-10-18,195,16,24,32,36,37,40
2017-10-20,196,2,18,25,33,36,42
2017-10-22,197,8,14,16,17,31,42
2017-10-25,198,12,17,23,25,34,38
2017-10-27,199,4,10,13,21,22,38
2017-10-29,200,1,5,28,31,44,45
2017-11-01,201,4,12,25,39,42,44
2017-11-03,202,7,17,20,22,29,44
2017-11-05,203,3,17,38,39,41,44
2017-11-08,204,1,18,23,24,40,41
2017-11-10,205,1,4,19,21,24,35
2017-11-12,206,22,26,37,40,42,44
2017-11-15,207,1,9,15,27,33,43
2017-11-17,208,11,13,18,19,31,45
2017-11-19,209,14,20,30,33,41,43
2017-11-22,210,5,6,9,23,27,35
2017-11-24,211,14,24,32,34,36,45
2017-11-26,212,4,12,17,19,23,34
2017-11-29,213,19,23,26,37,38,41
2017-12-01,214,10,19,30,35,39,45
2017-12-03,215,8,9,15,18,27,30
2017-12-06,216,3,7,29,31,34,43
2017-12-08,217,2,11,15,32,40,44
2017-12-10,218,27,36,39,43,44,45
2017-12-13,219,4,7,19,24,32,38
2017-12-15,220,13,14,17,24,28,43
2017-12-17,221,4,7,16,27,40,41
2017-12-20,222,3,8,25,37,40,42
2017-12-22,223,9,13,17,22,26,33
2017-12-24,224,1,5,9,14,30,31
2017-12-27,225,9,13,19,21,27,30
2017-12-29,226,2,8,17,20,29,39
2017-12-31,227,3,13,14,26,30,34
2018-01-03,228,8,14,19,30,33,35
2018-01-05,229,19,30,34,38,42,44
2018-01-07,230,4,6,11,13,24,31
2018-01-10,231,6,18,21,22,37,45
2018-01-12,232,4,8,17,23,27,34
2018-01-14,233,1,6,10,29,32,41
2018-01-17,234,9,10,12,22,27,41
2018-01-19,235,2,4,27,28,31,36
2018-01-21,236,1,10,11,24,32,37
2018-01-24,237,5,6,24,33,42,45
2018-01-26,238,1,9,18,28,36,44
2018-01-28,239,12,26,27,33,36,37
2018-01-31,240,4,7,9,10,30,40
2018-02-02,241,2,7,14,28,42,45
2018-02-04,242,1,5,13,27,40,45
2018-02-07,243,5,7,18,26,30,36
2018-02-09,244,2,10,14,19,23,37
2018-02-11,245,5,19,27,32,41,45
2018-02-14,246,12,31,32,34,35,43
2018-02-18,247,1,5,14,16,36,38
2018-02-21,248,18,23,24,26,29,33
2018-02-23,249,5,16,19,23,29,37
2018-02-25,250,8,10,12,29,30,42
2018-02-28,251,17,19,21,23,36,40
2018-03-02,252,3,7,15,27,41,45
2018-03-04,253,4,11,19,25,32,40
2018-03-07,254,8,19,25,31,37,40
2018-03-09,255,5,10,13,19,25,44
2018-03-11,256,1,14,19,26,41,42
2018-03-14,257,12,21,23,27,31,34
2018-03-16,258,6,8,13,17,20,34
2018-03-18,259,14,21,24,28,31,40
2018-03-21,260,6,19,38,40,41,44
2018-03-23,261,3,6,12,22,26,35
2018-03-25,262,4,10,13,22,38,42
2018-03-28,263,12,18,31,34,35,42
2018-03-30,264,7,11,18,28,34,43
2018-04-01,265,4,12,24,33,39,43
2018-04-04,266,2,3,6,16,41,44
2018-04-06,267,1,7,8,9,36,40
2018-04-08,268,2,5,11,16,30,34
2018-04-11,269,7,20,23,25,26,39
2018-04-13,270,11,22,24,33,38,43
2018-04-15,271,3,9,13,20,30,34
2018-04-18,272,6,16,28,29,39,44
2018-04-20,273,6,9,14,30,33,42
2018-04-22,274,6,7,22,32,36,39
2018-04-25,275,4,15,17,23,29,43
2018-04-27,276,10,20,24,27,28,29
2018-04-29,277,3,10,22,23,25,43
2018-05-02,278,10,11,22,29,37,40
2018-05-04,279,9,18,25,26,27,29
2018-05-06,280,11,26,28,34,36,37
2018-05-09,281,9,15,20,30,31,33
2018-05-11,282,10,11,26,29,33,38
2018-05-13,283,6,11,16,18,27,41
2018-05-16,284,10,21,23,25,35,38
2018-05-18,285,3,18,24,29,30,35
2018-05-20,286,18,19,25,26,29,39
2018-05-23,287,13,16,25,34,37,41
2018-05-25,288,5,14,22,26,29,39
2018-05-27,289,5,9,17,18,19,22
2018-05-30,290,2,17,19,27,31,36
2018-06-01,291,6,14,19,38,43,44
2018-06-03,292,18,20,24,40,42,45
2018-06-06,293,6,20,22,26,43,44
2018-06-08,294,4,13,32,35,40,42
2018-06-10,295,22,25,35,36,38,39
2018-06-13,296,2,4,17,24,31,40
2018-06-15,297,8,11,13,23,24,28
2018-06-17,298,3,5,6,7,34,40
2018-06-20,299,2,18,22,30,32,43
2018-06-22,300,15,19,20,26,34,39
2018-06-24,301,6,8,23,32,33,41
2018-06-27,302,25,27,29,33,37,38
2018-06-29,303,6,18,22,24,36,39
2018-07-01,304,4,7,15,28,34,37
2018-07-04,305,2,3,27,28,34,43
2018-07-06,306,22,26,33,34,38,42
2018-07-08,307,2,7,8,10,28,44
2018-07-11,308,12,26,28,29,39,43
2018-07-13,309,3,8,9,25,27,28
2018-07-15,310,7,15,20,29,31,38
2018-07-18,311,8,10,14,19,26,34
2018-07-20,312,13,14,16,19,20,23
2018-07-22,313,8,9,24,27,40,45
2018-07-25,314,9,16,18,38,41,45
2018-07-27,315,2,21,32,37,38,42
2018-07-29,316,26,31,32,37,43,45
2018-08-01,317,5,6,29,30,37,38
2018-08-03,318,3,8,10,24,27,28
2018-08-05,319,7,10,18,31,39,43
2018-08-08,320,19,34,37,39,41,44
2018-08-10,321,18,22,24,29,41,45
2018-08-12,322,5,16,17,28,31,38
2018-08-15,323,12,24,25,33,40,44
2018-08-17,324,3,8,22,28,33,42
2018-08-19,325,16,18,28,36,37,45
2018-08-22,326,15,17,18,33,34,44
2018-08-24,327,3,22,25,29,33,40
2018-08-26,328,1,3,11,12,22,36
2018-08-29,329,16,17,24,28,30,36
2018-08-31,330,11,19,30,36,38,40
2018-09-02,331,10,12,13,22,26,40
2018-09-05,332,5,6,22,27,34,37
2018-09-07,333,8,10,11,28,42,45
2018-09-09,334,8,14,18,21,44,45
2018-09-12,335,11,12,13,16,29,31
2018-09-14,336,12,16,17,18,26,34
2018-09-16,337,3,13,17,18,23,34
2018-09-19,338,10,20,22,24,27,42
2018-09-21,339,1,3,11,14,23,29
2018-09-23,340,18,27,32,35,41,44
2018-09-26,341,12,19,27,39,42,45
2018-09-28,342,2,6,11,13,15,38
2018-09-30,343,1,20,24,36,43,45
2018-10-03,344,6,12,19,21,25,45
2018-10-05,345,4,12,17,29,35,44
2018-10-07,346,14,18,31,34,39,44
2018-10-10,347,18,19,22,28,41,42
2018-10-12,348,11,12,20,26,28,42
2018-10-14,349,7,8,9,34,40,43
2018-10-17,350,1,12,14,36,39,43
2018-10-19,351,2,14,30,38,39,45
2018-10-21,352,6,22,24,28,30,37
2018-10-24,353,6,26,34,35,39,42
2018-10-26,354,2,18,31,33,36,41
2018-10-28,355,9,18,19,20,31,45
2018-10-31,356,17,22,26,30,33,35
2018-11-02,357,4,6,11,18,24,25
2018-11-04,358,7,12,13,17,25,30
2018-11-07,359,6,18,22,25,31,37
2018-11-09,360,6,18,28,32,34,35
2018-11-11,361,20,23,26,27,32,34
2018-11-14,362,12,14,24,26,30,40
2018-11-16,363,4,12,18,21,25,41
2018-11-18,364,6,27,28,30,37,44
2018-11-21,365,7,9,16,19,24,33
2018-11-23,366,8,10,12,21,25,40
2018-11-25,367,3,5,11,18,24,29
2018-11-28,368,8,13,20,21,25,28
2018-11-30,369,11,18,23,25,28,35
2018-12-02,370,2,4,12,23,37,45
2018-12-05,371,7,28,29,39,42,45
2018-12-07,372,1,6,7,22,31,39
2018-12-09,373,6,8,26,34,40,41
2018-12-12,374,1,3,11,15,27,30
2018-12-14,375,7,16,20,26,30,34
2018-12-16,376,1,14,22,26,35,42
2018-12-19,377,2,10,11,32,40,44
2018-12-21,378,1,7,16,27,29,34
2018-12-23,379,1,3,10,11,16,44
2018-12-26,380,21,28,34,35,41,44
2018-12-28,381,3,22,24,25,31,37
2018-12-30,382,10,19,31,35,42,44
2019-01-02,383,4,14,32,35,36,40
2019-01-04,384,1,8,14,16,19,22
2019-01-06,385,9,22,33,34,35,44
2019-01-09,386,17,27,28,30,33,41
2019-01-11,387,19,21,22,23,25,44
2019-01-13,388,1,20,21,23,26,33
2019-01-16,389,1,8,14,24,31,40
2019-01-18,390,12,15,19,38,40,45
2019-01-20,391,8,16,21,31,35,38
2019-01-23,392,2,9,13,29,33,40
2019-01-25,393,11,13,14,22,30,38
2019-01-27,394,9,11,12,22,27,29
2019-01-30,395,1,4,6,13,37,41
2019-02-01,396,3,4,6,38,39,43
2019-02-03,397,1,2,5,9,23,24
2019-02-06,398,22,24,25,30,33,38
2019-02-08,399,11,12,33,36,39,43
2019-02-10,400,1,11,17,25,29,35
2019-02-13,401,5,11,18,33,37,41
2019-02-15,402,3,22,26,27,30,44
2019-02-17,403,11,12,14,25,29,31
2019-02-20,404,1,10,15,24,37,45
2019-02-22,405,7,10,18,25,44,45
2019-02-24,406,1,7,13,23,32,42
2019-02-27,407,5,12,15,16,25,35
2019-03-01,408,15,23,29,31,38,43
2019-03-03,409,1,13,17,20,30,45
2019-03-06,410,2,7,14,24,40,41
2019-03-08,411,4,14,20,27,32,43
2019-03-10,412,5,24,31,32,42,45
2019-03-13,413,5,16,24,26,34,44
2019-03-15,414,5,10,15,19,38,42
2019-03-17,415,5,6,16,18,24,42
2019-03-20,416,2,7,17,24,29,37
2019-03-22,417,1,3,6,13,18,41
2019-03-24,418,5,17,21,27,34,40
2019-03-27,419,9,12,22,24,30,42
2019-03-29,420,2,19,26,27,30,37
2019-03-31,421,3,5,19,28,31,38
2019-04-03,422,4,11,18,33,34,45
2019-04-05,423,2,7,25,36,38,43
2019-04-07,424,8,10,26,28,32,34
2019-04-10,425,7,11,14,30,35,42
2019-04-12,426,3,12,15,16,17,44
2019-04-14,427,4,13,20,34,35,37
2019-04-17,428,7,11,21,25,30,44
2019-04-19,429,1,4,5,12,17,21
2019-04-21,430,8,11,13,20,41,43
2019-04-24,431,4,7,12,13,20,45
2019-04-26,432,1,2,14,15,16,30
2019-04-28,433,4,24,28,30,33,43
2019-05-01,434,18,23,24,27,33,41
2019-05-03,435,1,6,14,31,35,44
2019-05-05,436,13,27,30,38,39,41
2019-05-08,437,1,7,8,31,34,45
2019-05-10,438,5,23,25,30,35,38
2019-05-12,439,1,8,13,17,21,43
2019-05-15,440,17,28,29,33,34,35
2019-05-17,441,6,16,18,29,39,43
2019-05-19,442,2,11,19,27,30,42
2019-05-22,443,1,13,16,22,23,35
2019-05-24,444,2,3,31,33,35,40
2019-05-26,445,11,12,14,23,29,32
2019-05-29,446,12,18,19,27,35,42
2019-05-31,447,5,6,7,12,23,30
2019-06-02,448,2,5,12,35,41,43
2019-06-05,449,4,8,22,25,37,39
2019-06-07,450,11,13,15,26,27,41
2019-06-09,451,2,6,22,25,35,36
2019-06-12,452,10,11,21,23,26,37
2019-06-14,453,2,12,16,36,37,45
2019-06-16,454,6,7,19,29,31,36
2019-06-19,455,2,4,11,15,35,40
2019-06-21,456,1,4,19,21,23,39
2019-06-23,457,3,8,11,27,32,36
2019-06-26,458,1,5,9,10,33,41
2019-06-28,459,11,25,37,40,41,45
2019-06-30,460,5,20,22,25,28,32
2019-07-03,461,2,7,25,29,39,45
2019-07-05,462,19,21,30,31,37,43
2019-07-07,463,2,18,21,23,30,31
2019-07-10,464,1,2,6,7,16,27
2019-07-12,465,16,18,24,26,40,44
2019-07-14,466,2,3,7,25,33,34
2019-07-17,467,10,11,16,22,28,35
2019-07-19,468,9,12,23,26,28,43
2019-07-21,469,7,8,10,24,33,44
2019-07-24,470,20,22,25,39,44,45
2019-07-26,471,5,14,16,22,25,33
2019-07-28,472,5,14,16,24,42,43
2019-07-31,473,6,12,15,19,25,45
2019-08-02,474,11,18,20,22,25,26
2019-08-04,475,6,10,21,30,43,45
2019-08-07,476,1,5,13,31,32,43
2019-08-09,477,11,19,26,28,30,42
2019-08-11,478,1,4,7,9,25,31
2019-08-14,479,13,20,22,24,33,34
2019-08-16,480,6,14,15,19,31,39
2019-08-18,481,2,7,18,21,24,33
2019-08-21,482,6,8,17,20,21,31
2019-08-23,483,6,7,12,17,19,24
2019-08-25,484,7,8,15,20,24,31
2019-08-28,485,1,4,12,14,19,30
2019-08-30,486,5,6,22,23,25,44
2019-09-01,487,5,7,14,16,29,40
2019-09-04,488,1,9,11,23,30,37
2019-09-06,489,2,4,13,15,26,31
2019-09-08,490,6,9,11,26,28,36
2019-09-11,491,21,25,29,32,34,35
2019-09-13,492,2,15,17,25,30,38
2019-09-15,493,8,9,28,33,35,43
2019-09-18,494,3,9,13,17,19,20
2019-09-20,495,7,12,24,29,31,45
2019-09-22,496,3,6,21,36,38,39
2019-09-25,497,9,14,22,26,44,45
2019-09-27,498,6,9,11,28,37,44
2019-09-29,499,2,9,12,18,21,23
2019-10-02,500,2,6,7,25,28,41
2019-10-04,501,2,9,24,25,30,36
2019-10-06,502,1,6,17,30,44,45
2019-10-09,503,3,12,21,24,28,32
2019-10-11,504,6,12,14,27,28,36
2019-10-13,505,6,22,28,31,37,40
2019-10-16,506,1,4,23,28,41,42
2019-10-18,507,4,14,15,22,28,39
2019-10-20,508,1,3,8,15,38,40
2019-10-23,509,2,9,21,23,32,41
2019-10-25,510,4,7,9,22,32,37
2019-10-27,511,1,19,29,30,40,42
2019-10-30,512,2,5,8,12,29,38
2019-11-01,513,6,11,20,30,37,40
2019-11-03,514,28,30,32,38,44,45
2019-11-06,515,3,15,22,23,38,43
2019-11-08,516,4,16,19,30,32,44
2019-11-10,517,4,14,21,28,32,36
2019-11-13,518,17,19,24,30,31,40
2019-11-15,519,2,13,27,33,40,41
2019-11-17,520,6,7,14,31,39,44
2019-11-20,521,10,21,22,24,43,44
2019-11-22,522,1,9,10,19,30,38
2019-11-24,523,5,21,24,28,29,34
2019-11-27,524,3,5,13,19,20,33
2019-11-29,525,14,15,16,17,19,34
2019-12-01,526,3,14,16,27,31,35
2019-12-04,527,16,19,24,30,32,35
2019-12-06,528,2,20,26,35,43,45
2019-12-08,529,12,20,30,31,34,44
2019-12-11,530,1,2,8,27,29,39
2019-12-13,531,2,8,9,25,26,40
2019-12-15,532,3,13,15,16,22,36
2019-12-18,533,8,9,12,19,22,25
2019-12-20,534,1,9,16,27,38,45
2019-12-22,535,9,10,11,18,22,36
2019-12-25,536,10,18,25,26,36,43
2019-12-27,537,2,7,10,12,33,43
2019-12-29,538,7,12,21,24,35,43
2020-01-01,539,8,10,23,26,37,38
2020-01-03,540,1,15,17,26,32,44
2020-01-05,541,5,11,12,26,44,45
2020-01-08,542,2,4,10,21,25,43
2020-01-10,543,10,18,24,35,41,43
2020-01-12,544,7,12,17,21,35,45
2020-01-15,545,2,8,19,31,38,44
2020-01-17,546,8,26,28,37,40,42
2020-01-19,547,1,4,19,25,35,39
2020-01-22,548,1,15,16,34,36,42
2020-01-26,549,4,5,9,25,33,37
2020-01-29,550,3,10,16,24,39,44
2020-01-31,551,8,9,20,25,30,40
2020-02-02,552,1,4,16,32,35,38
2020-02-05,553,9,19,24,37,38,45
2020-02-07,554,6,11,15,33,40,44
2020-02-09,555,1,4,18,22,26,35
2020-02-12,556,5,13,16,20,24,35
2020-02-14,557,4,14,24,32,36,43
2020-02-16,558,1,4,14,36,37,41
2020-02-19,559,1,16,23,25,30,38
2020-02-21,560,13,15,22,28,29,41
2020-02-23,561,1,6,16,23,34,42
2020-02-26,562,2,10,12,20,24,39
2020-02-28,563,2,19,23,27,29,38
2020-03-01,564,1,6,7,13,26,39
2020-03-04,565,1,7,17,24,35,41
2020-03-06,566,6,9,10,16,26,42
2020-03-08,567,3,13,17,19,21,43
2020-03-11,568,12,16,29,35,37,44
2020-03-13,569,8,13,20,28,35,45
2020-03-15,570,4,7,11,17,19,31
2020-03-18,571,6,21,30,37,38,45
2020-03-20,572,8,23,29,37,39,44
2020-03-22,573,2,10,19,22,24,29
2020-03-25,574,26,31,33,37,38,45
2020-03-27,575,1,6,10,35,36,45
2020-03-29,576,7,10,23,36,39,44
2020-04-24,577,10,31,37,39,40,43
2020-04-26,578,5,25,30,36,37,41
2020-04-29,579,1,8,11,13,15,32
2020-05-01,580,6,7,16,37,40,44
2020-05-03,581,5,18,29,32,38,44
2020-05-06,582,3,18,25,29,30,44
2020-05-08,583,1,3,7,12,22,25
2020-05-10,584,7,9,23,32,33,37
2020-05-13,585,6,20,21,35,40,45
2020-05-15,586,3,12,13,28,33,36
2020-05-17,587,2,4,21,30,33,37
2020-05-20,588,1,8,15,23,25,39
2020-05-22,589,3,8,19,28,35,41
2020-05-24,590,1,29,30,32,34,35
2020-05-27,591,6,15,29,30,37,42
2020-05-29,592,4,10,23,26,35,37
2020-05-31,593,1,6,13,27,35,40
2020-06-03,594,1,15,17,19,40,43
2020-06-05,595,10,13,22,28,38,43
2020-06-07,596,6,7,11,16,23,44
2020-06-10,597,2,11,23,25,26,35
2020-06-12,598,5,16,22,27,30,31
2020-06-14,599,19,22,24,41,44,45
2020-06-17,600,7,16,28,33,34,45
2020-06-19,601,4,12,17,19,32,45
2020-06-21,602,7,9,13,33,40,44
2020-06-24,603,7,17,18,32,39,40
2020-06-26,604,9,23,27,30,38,41
2020-06-28,605,4,15,24,36,37,41
2020-07-01,606,10,13,14,26,32,33
2020-07-03,607,4,5,17,18,22,36
2020-07-05,608,5,8,10,17,22,31
2020-07-08,609,14,15,17,21,31,38
2020-07-10,610,18,20,22,33,35,39
2020-07-12,611,2,15,21,27,31,35
2020-07-15,612,10,11,18,19,20,45
2020-07-17,613,4,10,18,20,32,45
2020-07-19,614,1,13,14,19,42,45
2020-07-22,615,9,13,18,24,26,42
2020-07-24,616,4,25,31,35,39,41
2020-07-26,617,5,15,21,39,43,45
2020-07-29,618,6,14,26,41,42,43
2020-07-31,619,4,9,19,29,36,41
2020-08-02,620,6,9,12,17,41,42
2020-08-05,621,14,18,19,32,33,38
2020-08-07,622,17,26,35,40,43,44
2020-08-09,623,11,13,14,43,44,45
2020-08-12,624,7,21,34,38,43,44
2020-08-14,625,9,18,21,24,34,41
2020-08-16,626,2,5,6,20,33,39
2020-08-19,627,7,20,36,37,43,45
2020-08-21,628,7,8,26,30,37,43
2020-08-23,629,10,14,19,25,36,39
2020-08-26,630,2,18,24,28,35,42
2020-08-28,631,10,11,14,23,27,37
2020-08-30,632,6,8,18,19,29,33
2020-09-02,633,8,10,14,16,18,24
2020-09-04,634,7,16,20,30,40,41
2020-09-06,635,1,6,19,29,31,44
2020-09-09,636,19,21,34,35,36,39
2020-09-11,637,4,11,13,16,17,33
2020-09-13,638,20,23,28,37,40,44
2020-09-16,639,5,20,29,30,38,40
2020-09-18,640,10,19,21,23,27,33
2020-09-20,641,5,7,9,13,15,16
2020-09-23,642,2,8,17,23,30,41
2020-09-25,643,14,20,22,35,44,45
2020-09-27,644,1,12,26,31,37,38
2020-09-30,645,2,5,31,32,42,44
2020-10-02,646,9,11,21,31,32,37
2020-10-04,647,9,16,19,25,26,39
2020-10-07,648,13,15,25,26,28,34
2020-10-09,649,15,19,23,30,33,39
2020-10-11,650,12,18,28,31,40,45
2020-10-14,651,4,7,23,32,43,44
2020-10-16,652,4,14,16,23,24,27
2020-10-18,653,1,14,25,26,30,40
2020-10-21,654,4,11,26,36,38,41
2020-10-23,655,5,10,16,23,34,45
2020-10-25,656,11,19,30,38,41,45
2020-10-28,657,1,4,7,15,35,45
2020-10-30,658,4,5,14,18,23,43
2020-11-01,659,6,21,27,30,32,44
2020-11-04,660,3,8,11,13,26,38
2020-11-06,661,19,24,30,32,36,37
2020-11-08,662,3,12,14,16,23,33
2020-11-11,663,4,10,12,17,20,35
2020-11-13,664,8,22,23,33,34,36
2020-11-15,665,14,16,21,29,40,41
2020-11-18,666,18,19,21,31,39,44
2020-11-20,667,2,17,24,29,31,37
2020-11-22,668,9,16,17,24,32,40
2020-11-25,669,1,5,7,8,25,40
2020-11-27,670,1,9,12,13,37,43
2020-11-29,671,6,7,14,18,37,43
2020-12-02,672,4,5,7,10,25,39
2020-12-04,673,3,5,33,37,41,43
2020-12-06,674,11,21,24,27,29,37
2020-12-09,675,16,24,27,31,36,43
2020-12-11,676,23,24,25,35,37,39
2020-12-13,677,10,12,20,36,41,44
2020-12-16,678,10,11,22,27,36,41
2020-12-18,679,4,9,14,23,32,38
2020-12-20,680,15,18,28,30,34,44
2020-12-23,681,7,11,17,31,35,40
2020-12-25,682,6,12,15,22,33,39
2020-12-27,683,3,11,17,19,34,39
2020-12-30,684,1,13,20,26,35,37
2021-01-01,685,10,16,24,26,30,32
2021-01-03,686,4,31,34,36,40,43
2021-01-06,687,22,27,30,35,40,45
2021-01-08,688,8,19,22,25,32,35
2021-01-10,689,10,11,22,32,38,43
2021-01-13,690,19,20,21,28,33,41
2021-01-15,691,4,6,10,13,26,43
2021-01-17,692,4,5,32,39,40,42
2021-01-20,693,7,20,29,30,40,45
2021-01-22,694,1,6,7,20,28,43
2021-01-24,695,8,9,23,25,31,32
2021-01-27,696,1,7,11,28,41,44
2021-01-29,697,6,7,8,29,35,39
2021-01-31,698,4,6,7,11,34,41
2021-02-03,699,7,9,14,23,35,41
2021-02-05,700,2,8,31,32,42,44
2021-02-07,701,1,4,7,15,41,42
2021-02-10,702,8,13,18,19,21,24
2021-02-14,703,3,13,18,21,39,44
2021-02-17,704,3,18,21,22,36,44
2021-02-19,705,12,19,22,23,34,44
2021-02-21,706,6,7,22,24,27,37
2021-02-24,707,2,13,19,33,40,43
2021-02-26,708,11,13,19,27,37,41
2021-02-28,709,4,5,25,28,29,42
2021-03-03,710,1,20,28,37,40,44
2021-03-05,711,9,11,13,21,27,41
2021-03-07,712,4,12,25,28,33,45
2021-03-10,713,5,14,15,19,25,33
2021-03-12,714,5,11,17,34,38,42
2021-03-14,715,1,9,11,32,34,42
2021-03-17,716,6,11,26,28,36,41
2021-03-19,717,5,6,24,34,36,37
2021-03-21,718,8,9,11,31,36,39
2021-03-24,719,7,14,23,26,37,39
2021-03-26,720,2,11,15,18,23,42
2021-03-28,721,23,26,40,41,43,44
2021-03-31,722,2,4,6,36,41,42
2021-04-02,723,1,5,9,16,42,44
2021-04-04,724,5,20,27,30,38,43
2021-04-07,725,13,15,19,25,33,34
2021-04-09,726,3,4,8,17,19,37
2021-04-11,727,3,23,27,32,34,39
2021-04-14,728,11,12,16,18,33,35
2021-04-16,729,8,9,11,28,30,39
2021-04-18,730,7,9,15,23,26,27
2021-04-21,731,3,12,19,27,32,35
2021-04-23,732,13,16,18,22,34,39
2021-04-25,733,8,19,21,28,32,44
2021-04-28,734,21,39,40,41,43,45
2021-04-30,735,3,4,20,21,36,41
2021-05-02,736,7,8,30,35,40,44
2021-05-05,737,3,14,20,22,37,44
2021-05-07,738,10,20,21,27,33,34
2021-05-09,739,1,7,16,24,27,37
2021-05-12,740,9,15,22,27,34,42
2021-05-14,741,3,11,16,20,24,30
2021-05-16,742,13,23,33,37,40,43
2021-05-19,743,3,12,23,29,33,34
2021-05-21,744,4,28,37,38,40,42
2021-05-23,745,11,14,22,26,29,44
2021-05-26,746,1,10,22,36,38,45
2021-05-28,747,2,15,33,41,44,45
2021-05-30,748,7,10,19,30,40,45
2021-06-02,749,10,20,22,26,31,42
2021-06-04,750,19,24,31,32,35,36
2021-06-06,751,5,7,10,13,14,42
2021-06-09,752,2,7,18,20,24,36
2021-06-11,753,8,12,13,14,32,40
2021-06-13,754,3,10,12,13,36,44
2021-06-16,755,11,19,24,28,31,39
2021-06-18,756,10,11,28,29,40,42
2021-06-20,757,10,24,27,42,43,45
2021-06-23,758,4,7,20,28,33,41
2021-06-25,759,3,5,6,23,24,39
2021-06-27,760,5,10,29,37,42,44
2021-06-30,761,2,5,6,8,10,32
2021-07-02,762,1,14,15,18,32,45
2021-07-04,763,3,14,15,21,26,37
2021-07-07,764,1,6,13,30,34,43
2021-07-09,765,4,9,17,18,28,32
2021-07-11,766,2,8,15,17,19,30
2021-07-14,767,4,11,22,29,37,43
2021-07-16,768,1,9,18,26,41,45
2021-07-18,769,3,8,19,21,25,36
2021-07-21,770,8,10,12,29,34,37
2021-07-23,771,19,26,31,33,41,42
2021-08-18,772,10,16,19,27,28,36
2021-08-20,773,4,8,17,27,32,36
2021-08-22,774,6,7,18,25,40,43
2021-08-25,775,1,3,5,17,22,33
2021-08-27,776,4,10,11,15,24,37
2021-08-29,777,1,18,21,25,27,35
2021-09-01,778,6,13,33,34,40,45
2021-09-03,779,6,11,18,23,32,44
2021-09-05,780,15,18,25,27,29,34
2021-09-08,781,4,18,28,32,36,40
2021-09-10,782,10,16,22,36,43,44
2021-09-12,783,4,8,21,29,33,45
2021-09-15,784,11,14,17,24,29,35
2021-09-17,785,6,10,15,37,39,44
2021-09-19,786,6,24,28,31,36,43
2021-09-22,787,5,10,19,22,36,45
2021-09-24,788,1,4,7,14,16,41
2021-09-26,789,13,27,34,35,36,41
2021-09-29,790,6,15,16,27,36,42
2021-10-01,791,11,15,17,27,28,45
2021-10-03,792,6,12,28,30,39,42
2021-10-06,793,9,11,15,20,32,36
2021-10-08,794,4,13,18,23,33,43
2021-10-10,795,3,25,26,29,40,42
2021-10-13,796,20,34,37,39,41,42
2021-10-15,797,5,13,17,20,29,45
2021-10-17,798,4,12,21,22,27,40
2021-10-20,799,5,9,33,40,41,45
2021-10-22,800,3,5,6,9,28,43
2021-10-24,801,6,29,31,32,39,44
2021-10-27,802,13,17,26,29,33,39
2021-10-29,803,17,19,22,31,32,34
2021-10-31,804,9,14,17,18,36,41
2021-11-03,805,3,13,15,23,24,44
2021-11-05,806,10,16,36,40,41,42
2021-11-07,807,5,20,24,25,35,36
2021-11-10,808,17,18,19,20,27,44
2021-11-12,809,11,14,18,24,35,37
2021-11-14,810,3,5,18,28,42,43
2021-11-17,811,4,15,25,26,32,35
2021-11-19,812,9,10,26,28,39,43
2021-11-21,813,1,12,29,40,44,45
2021-11-24,814,2,10,18,23,34,36
2021-11-26,815,4,18,25,29,32,34
2021-11-28,816,13,17,26,27,31,37
2021-12-01,817,8,9,30,31,38,45
2021-12-03,818,10,14,29,37,38,40
2021-12-05,819,3,5,6,31,34,35
2021-12-08,820,2,3,16,19,22,34
2021-12-10,821,1,4,17,19,24,42
2021-12-12,822,16,21,29,40,41,43
2021-12-15,823,3,18,29,30,39,41
2021-12-17,824,8,15,16,21,25,33
2021-12-19,825,12,15,24,30,36,45
2021-12-22,826,8,16,17,23,28,38
2021-12-24,827,3,17,25,26,36,38
2021-12-26,828,4,11,16,24,35,44
2021-12-29,829,5,27,33,34,38,40
2021-12-31,830,2,5,12,33,41,45
2022-01-02,831,11,17,30,36,41,45
2022-01-05,832,1,3,8,9,35,40
2022-01-07,833,10,13,24,28,38,44
2022-01-09,834,6,7,11,22,35,41
2022-01-12,835,3,6,13,15,36,44
2022-01-14,836,5,14,27,30,38,45
2022-01-16,837,1,3,4,5,32,33
2022-01-19,838,14,21,25,34,37,39
2022-01-21,839,1,13,17,24,27,42
2022-01-23,840,13,20,24,32,34,40
2022-01-26,841,5,11,15,18,27,43
2022-01-28,842,4,6,12,26,27,39
2022-01-30,843,1,7,22,26,28,41
2022-02-02,844,5,6,14,20,31,38
2022-02-04,845,11,16,18,38,40,43
2022-02-06,846,5,9,21,24,34,39
2022-02-09,847,3,20,27,37,44,45
2022-02-11,848,10,11,19,38,41,44
2022-02-13,849,14,21,22,24,28,45
2022-02-16,850,2,5,8,16,22,42
2022-02-18,851,3,14,20,26,28,36
2022-02-20,852,4,6,16,30,43,44
2022-02-23,853,2,16,18,19,24,29
2022-02-25,854,10,13,30,33,39,41
2022-02-27,855,10,20,25,27,38,45
2022-03-02,856,7,10,13,20,21,34
2022-03-04,857,3,19,21,24,27,38
2022-03-06,858,11,16,21,33,34,42
2022-03-09,859,3,15,35,39,40,43
2022-03-11,860,6,20,23,29,34,45
2022-03-13,861,1,5,19,20,23,38
2022-03-16,862,10,11,14,24,31,45
2022-03-18,863,6,10,15,29,41,42
2022-03-20,864,1,9,10,12,22,44
2022-03-23,865,2,9,37,38,40,43
2022-03-25,866,1,12,13,27,29,35
2022-03-27,867,8,17,21,39,44,45
2022-03-30,868,1,12,26,28,39,45
2022-04-01,869,2,19,25,32,41,44
2022-04-03,870,5,11,20,26,40,43
2022-04-06,871,13,17,19,25,32,45
2022-04-08,872,2,13,16,19,20,36
2022-04-10,873,4,17,28,30,38,42
2022-04-13,874,1,7,20,25,40,41
2022-04-15,875,9,18,21,25,35,44
2022-04-17,876,5,13,15,28,38,40
2022-04-20,877,1,8,17,21,27,37
2022-04-22,878,11,13,15,18,24,36
2022-04-24,879,9,12,23,30,32,40
2022-04-27,880,3,9,14,17,27,32
2022-04-29,881,5,12,16,25,26,32
2022-05-01,882,8,21,26,35,37,42
2022-05-04,883,1,4,23,28,33,38
2022-05-06,884,1,3,15,16,34,43
2022-05-08,885,4,12,20,25,35,37
2022-05-11,886,2,6,7,18,34,41
2022-05-13,887,7,8,18,29,41,44
2022-05-15,888,5,20,21,31,34,37
2022-05-18,889,3,17,23,37,40,42
2022-05-20,890,12,17,34,39,44,45
2022-05-22,891,1,7,10,24,33,40
2022-05-25,892,19,26,27,39,44,45
2022-05-27,893,16,21,23,27,35,41
2022-05-29,894,2,6,19,24,30,42
2022-06-01,895,6,10,21,23,28,39
2022-06-03,896,5,8,34,38,39,41
2022-06-05,897,6,8,21,28,30,35
2022-06-08,898,2,10,13,15,22,36
2022-06-10,899,10,23,25,26,30,41
2022-06-12,900,6,14,19,22,40,42
2022-06-15,901,1,6,12,20,36,39
2022-06-17,902,5,8,26,29,35,44
2022-06-19,903,1,24,25,31,39,40
2022-06-22,904,3,20,23,30,33,35
2022-06-24,905,7,16,18,32,34,44
2022-06-26,906,3,7,8,18,27,36
2022-06-29,907,1,19,20,27,30,32
2022-07-01,908,17,26,30,31,33,39
2022-07-03,909,8,14,17,20,21,40
2022-07-06,910,4,12,14,15,41,42
2022-07-08,911,6,7,12,18,21,43
2022-07-10,912,12,23,29,36,37,41
2022-07-13,913,4,9,21,28,35,37
2022-07-15,914,4,30,35,39,42,43
2022-07-17,915,7,13,20,23,27,29
2022-07-20,916,5,6,20,22,26,39
2022-07-22,917,4,10,18,22,31,37
2022-07-24,918,4,11,17,29,30,44
2022-07-27,919,9,15,18,22,32,41
2022-07-29,920,5,7,11,20,31,37
2022-07-31,921,3,8,15,16,40,42
2022-08-03,922,5,14,30,36,38,42
2022-08-05,923,10,13,14,32,37,42
2022-08-07,924,6,9,10,13,24,27
2022-08-10,925,4,8,10,15,26,31
2022-08-12,926,5,7,16,20,36,41
2022-08-14,927,9,13,21,24,34,35
2022-08-17,928,23,29,35,37,39,45
2022-08-19,929,25,26,33,39,41,43
2022-08-21,930,5,19,21,23,28,36
2022-08-24,931,12,20,21,23,27,34
2022-08-26,932,3,30,31,32,36,45
2022-08-28,933,8,16,31,37,39,41
2022-08-31,934,4,10,28,29,31,34
2022-09-02,935,2,3,14,21,31,33
2022-09-04,936,5,17,19,27,35,39
2022-09-07,937,8,9,10,20,35,38
2022-09-09,938,4,6,13,14,28,39
2022-09-11,939,4,15,20,31,43,44
2022-09-14,940,3,12,15,20,24,45
2022-09-16,941,2,26,35,41,42,43
2022-09-18,942,3,5,10,17,25,29
2022-09-21,943,5,10,14,25,42,45
2022-09-23,944,1,12,21,28,30,44
2022-09-25,945,3,5,8,31,33,34
2022-09-28,946,4,5,7,24,27,30
2022-09-30,947,4,11,19,20,35,41
2022-10-02,948,3,17,28,30,31,32
2022-10-05,949,9,18,23,24,29,34
2022-10-07,950,18,20,29,34,36,38
2022-10-09,951,13,15,20,25,35,43
2022-10-12,952,1,7,13,16,27,35
2022-10-14,953,1,6,22,25,30,34
2022-10-16,954,2,5,19,26,38,40
2022-10-19,955,1,3,7,10,21,29
2022-10-21,956,10,16,17,18,34,42
2022-10-23,957,2,11,18,33,36,45
2022-10-26,958,2,3,10,15,31,36
2022-10-28,959,16,21,22,33,42,45
2022-10-30,960,15,27,31,36,38,41
2022-11-02,961,2,17,23,27,37,42
2022-11-04,962,9,13,16,24,33,45
2022-11-06,963,8,10,12,14,17,31
2022-11-09,964,7,9,16,20,30,32
2022-11-11,965,2,3,9,15,17,43
2022-11-13,966,3,4,27,32,40,43
2022-11-16,967,2,3,12,32,35,44
2022-11-18,968,15,16,22,25,29,33
2022-11-20,969,1,4,14,22,24,40
2022-11-23,970,4,13,15,20,37,38
2022-11-25,971,14,20,24,30,35,41
2022-11-27,972,1,26,27,35,36,43
2022-11-30,973,7,15,20,25,32,37